{"cameraMode":{"drawMode":0,"name":"Shaded","section":"Shading Mode"},"sceneLighting":true,"audioPlay":false,"sceneViewState":{"m_AlwaysRefresh":false,"showFog":true,"showSkybox":true,"showFlares":true,"showImageEffects":true,"showParticleSystems":true,"showVisualEffectGraphs":true,"m_FxEnabled":false},"in2DMode":false,"pivot":{"x":-6.930937767028809,"y":14.849021911621094,"z":-20.49955940246582},"rotation":{"x":-0.0013270238414406777,"y":-0.9941012859344482,"z":0.10778272151947022,"w":-0.012213705107569695},"size":1.1610089540481568,"orthographic":false}