{"cameraMode":{"drawMode":0,"name":"Shaded","section":"Shading Mode"},"sceneLighting":true,"audioPlay":false,"sceneViewState":{"m_AlwaysRefresh":false,"showFog":true,"showSkybox":true,"showFlares":true,"showImageEffects":true,"showParticleSystems":true,"showVisualEffectGraphs":true,"m_FxEnabled":false},"in2DMode":false,"pivot":{"x":-27.89678955078125,"y":-1.2790554761886597,"z":-2.752321243286133},"rotation":{"x":0.19784563779830934,"y":0.39808449149131777,"z":-0.08833281695842743,"w":0.8914099335670471},"size":2.4018452167510988,"orthographic":false}