{"cameraMode":{"drawMode":0,"name":"Shaded","section":"Shading Mode"},"sceneLighting":true,"audioPlay":false,"sceneViewState":{"m_AlwaysRefresh":false,"showFog":true,"showSkybox":true,"showFlares":true,"showImageEffects":true,"showParticleSystems":true,"showVisualEffectGraphs":true,"m_FxEnabled":false},"in2DMode":false,"pivot":{"x":1.2820990085601807,"y":4.2752180099487309,"z":1.4856517314910889},"rotation":{"x":-0.22182369232177735,"y":-0.10450094193220139,"z":0.02391892671585083,"w":-0.9691892862319946},"size":3.4974358081817629,"orthographic":false}