{"cameraMode":{"drawMode":0,"name":"Shaded","section":"Shading Mode"},"sceneLighting":true,"audioPlay":false,"sceneViewState":{"m_AlwaysRefresh":false,"showFog":true,"showSkybox":true,"showFlares":true,"showImageEffects":true,"showParticleSystems":true,"showVisualEffectGraphs":true,"m_FxEnabled":false},"in2DMode":false,"pivot":{"x":2.702397584915161,"y":2.14048433303833,"z":-10.818109512329102},"rotation":{"x":0.0010514649329707027,"y":0.9931264519691467,"z":-0.008938362821936608,"w":0.11672849208116532},"size":9.008963584899903,"orthographic":false}