{"cameraMode":{"drawMode":0,"name":"Shaded","section":"Shading Mode"},"sceneLighting":true,"audioPlay":false,"sceneViewState":{"m_AlwaysRefresh":false,"showFog":true,"showSkybox":true,"showFlares":true,"showImageEffects":true,"showParticleSystems":true,"showVisualEffectGraphs":true,"m_FxEnabled":false},"in2DMode":false,"pivot":{"x":-17.70393943786621,"y":16.629615783691408,"z":-19.741226196289064},"rotation":{"x":0.035240937024354938,"y":-0.933325469493866,"z":0.0955304354429245,"w":0.34429889917373659},"size":1.7337623834609986,"orthographic":true}